ID,Authors,Title,Source title,DOI link,Year,Is the paper actually about ecological integrity?,Is integrity actually calculated?,Geography,Does metric include animals?,Does metric include animal communities?,Environment,Animal groups,Function Metric,Function notes,Notes,Who
8,Angermeier P.L.,Ecological Attributes of Extinction‐Prone Species: Loss of Freshwater Fishes of Virginia; [Atributos ecológicos de las especies proclives a la extinción: la pérdida de los peces de agua dulce de Virginia],Conservation Biology,http://doi.org/10.1046/j.1523-1739.1995.09010143.x,1995,No,-,,-,-,,,,,,Jessalyn/Gavin
101,Grumbine R.E.,What Is Ecosystem Management?; [Qué es manejo del ecosistema?],Conservation Biology,http://doi.org/10.1046/j.1523-1739.1994.08010027.x,1994,Yes,No,,-,-,,,,,,Ana
191,NOSS R.F.,Can We Maintain Biological and Ecological Integrity?,Conservation Biology,http://doi.org/10.1111/j.1523-1739.1990.tb00284.x,1990,Yes,No,,-,-,,,,,,Jamie
21,Beaulne J.; Magnan G.; Garneau M.,Evaluating the potential of testate amoebae as indicators of hydrological conditions in boreal forested peatlands,Ecological Indicators,http://doi.org/10.1016/j.ecolind.2018.01.034,2018,yes,yes,eastern canada bogs,no,no,,,,,amoeba communities,Jessalyn/Gavin
22,Bednaršek N.; Klinger T.; Harvey C.J.; Weisberg S.; McCabe R.M.; Feely R.A.; Newton J.; Tolimieri N.,"New ocean, new needs: Application of pteropod shell dissolution as a biological indicator for marine resource management",Ecological Indicators,http://doi.org/10.1016/j.ecolind.2017.01.025,2017,yes,yes,pelagic ocean,yes,no,,,,,pteropod shell dissolution,Jessalyn/Gavin
25,Bell J.-L.; Boyer J.N.; Crystall S.J.; Nichols W.F.; Pruyn M.,Floristic quality as an indicator of human disturbance in forested wetlands of northern New England,Ecological Indicators,http://doi.org/10.1016/j.ecolind.2017.08.010,2017,yes,yes,northeastern USA swamps,no,no,,,,,floristic quality assessment,Jessalyn/Gavin
26,Belote R.T.; Dietz M.S.; Jenkins C.N.; McKinley P.S.; Irwin G.H.; Fullman T.J.; Leppi J.C.; Aplet G.H.,"Wild, connected, and diverse: Building a more resilient system of protected areas",Ecological Applications,http://doi.org/10.1002/eap.1527,2017,yes,yes,USA,no,no,,,,,human modification of the landscape,Jessalyn/Gavin
27,Bere T.,"Are diatom-based biotic indices developed in eutrophic, organically enriched waters reliable monitoring metrics in clean waters?",Ecological Indicators,http://doi.org/10.1016/j.ecolind.2015.11.008,2016,yes,yes,streams in zimbabwe,no,no,,,,,diatom indeces,Jessalyn/Gavin
28,Bergeron A.; Pellerin S.,Pteridophytes as indicators of urban forest integrity,Ecological Indicators,http://doi.org/10.1016/j.ecolind.2013.10.015,2014,yes,yes,quebec urban ish,no,no,,,,,,Jessalyn/Gavin
118,Jia Y.T.; Chen Y.F.,River health assessment in a large river: Bioindicators of fish population,Ecological Indicators,http://doi.org/10.1016/j.ecolind.2012.10.011,2013,Yes,Yes,Asia,Yes,No,,,,,fish popultaion metrics,Ana
173,Mcmullin R.T.; Thompson I.D.; Newmaster S.G.,Lichen conservation in heavily managed boreal forests,Conservation Biology,http://doi.org/10.1111/cobi.12094,2013,Yes,Yes,North America,No,No,,,,,lichen communities,Jamie
174,McMullin R.T.; Ure D.; Smith M.; Clapp H.; Wiersma Y.F.,"Ten years of monitoring air quality and ecological integrity using field-identifiable lichens at Kejimkujik National Park and National Historic Site in Nova Scotia, Canada",Ecological Indicators,http://doi.org/10.1016/j.ecolind.2017.05.069,2017,Yes,Yes,North America,No,No,,,,,lichen communities,Jamie
178,Michez A.; Piégay H.; Toromanoff F.; Brogna D.; Bonnet S.; Lejeune P.; Claessens H.,LiDAR derived ecological integrity indicators for riparian zones: Application to the Houille river in Southern Belgium/Northern France,Ecological Indicators,http://doi.org/10.1016/j.ecolind.2013.06.024,2013,Yes,Maybe,Europe,No,No,,,,,LiDAR as indicator,Jamie
37,Blattner L.; Ebner J.N.; Zopfi J.; von Fumetti S.,Targeted non-invasive bioindicator species detection in eDNA water samples to assess and monitor the integrity of vulnerable alpine freshwater environments,Ecological Indicators,http://doi.org/10.1016/j.ecolind.2021.107916,2021,yes,yes,switzerland alpine areas,yes,no (?),,,,,presence/absence of a list of indicator species,Jessalyn/Gavin
3,Alemneh T.; Ambelu A.; Bahrndorff S.; Mereta S.T.; Pertoldi C.; Zaitchik B.F.,Modeling the impact of highland settlements on ecological disturbance of streams in Choke Mountain Catchment: Macroinvertebrate assemblages and water quality,Ecological Indicators,http://doi.org/10.1016/j.ecolind.2016.10.019,2017,Yes,yes,streams in ethiopian highlands,yes,yes,aquatic,invertebrates,no,,,Jessalyn/Gavin
4,Alexandrino E.R.; Buechley E.R.; Karr J.R.; Ferraz K.M.P.M.D.B.; Ferraz S.F.D.B.; Couto H.T.Z.D.; Şekercioğlu Ç.H.,Bird based Index of Biotic Integrity: Assessing the ecological condition of Atlantic Forest patches in human-modified landscape,Ecological Indicators,http://doi.org/10.1016/j.ecolind.2016.10.023,2017,Yes,Yes,Brazilian Atlantic forest,yes,yes,terrestrial,birds,yes,"feeding guilds, habitat,behavior",index of biotic integrity,Jessalyn/Gavin
9,Arimoro F.O.; Ikomi R.B.,"Ecological integrity of upper Warri River, Niger Delta using aquatic insects as bioindicators",Ecological Indicators,http://doi.org/10.1016/j.ecolind.2008.06.006,2009,yes,yes,nigeria,yes,yes,aquatic,invertebrates,no,,used invertebrate communities as a proxy for delta ecosystem integrity,Jessalyn/Gavin
13,Bachand M.; Pellerin S.; Côté S.D.; Moretti M.; De Cáceres M.; Brousseau P.-M.; Cloutier C.; Hébert C.; Cardinal É.; Martin J.-L.; Poulin M.,Species indicators of ecosystem recovery after reducing large herbivore density: Comparing taxa and testing species combinations,Ecological Indicators,http://doi.org/10.1016/j.ecolind.2013.10.018,2014,yes,yes,eastern canada,yes,yes,terrestrial,multiple,no,,tested indicator sp/suites of sp to indicate ecological integrity,Jessalyn/Gavin
14,Bae M.-J.; Li F.; Kwon Y.-S.; Chung N.; Choi H.; Hwang S.-J.; Park Y.-S.,"Concordance of diatom, macroinvertebrate and fish assemblages in streams at nested spatial scales: Implications for ecological integrity",Ecological Indicators,http://doi.org/10.1016/j.ecolind.2014.07.030,2014,yes,yes,south korea,yes,yes,aquatic,multiple,no,,community concordance,Jessalyn/Gavin
31,Beyene A.; Addis T.; Kifle D.; Legesse W.; Kloos H.; Triest L.,"Comparative study of diatoms and macroinvertebrates as indicators of severe water pollution: Case study of the Kebena and Akaki rivers in Addis Ababa, Ethiopia",Ecological Indicators,http://doi.org/10.1016/j.ecolind.2008.05.001,2009,yes,yes,streams in ethiopia,yes,yes,aquatic,invertebrates,no,,canonical multivariable analysis,Jessalyn/Gavin
42,Borja A.; Dauer D.M.; Díaz R.; Llansó R.J.; Muxika I.; Rodríguez J.G.; Schaffner L.,Assessing estuarine benthic quality conditions in Chesapeake Bay: A comparison of three indices,Ecological Indicators,http://doi.org/10.1016/j.ecolind.2007.05.003,2008,yes,yes,chesapeake bay,yes,yes,marine,invertebrates,yes,"pollution sensitivity,trophic position",compares two indeces that both do this,Jessalyn/Gavin
45,Brosed M.; Jabiol J.; Chauvet E.,Towards a functional assessment of stream integrity: A first large-scale application using leaf litter decomposition,Ecological Indicators,http://doi.org/10.1016/j.ecolind.2022.109403,2022,yes,yes,streams in europe,yes,yes,aquatic,invertebrates,yes,litter decompostion,compares two indeces,Jessalyn/Gavin
46,Bruno D.; Belmar O.; Sánchez-Fernández D.; Guareschi S.; Millán A.; Velasco J.,Responses of Mediterranean aquatic and riparian communities to human pressures at different spatial scales,Ecological Indicators,http://doi.org/10.1016/j.ecolind.2014.04.051,2014,yes,yes,streams in spain,yes,yes,aquatic,multiple,no,,family richness weighted by tolerance to pollution,Jessalyn/Gavin
48,Burkhard B.; Kroll F.; Nedkov S.; Müller F.,"Mapping ecosystem service supply, demand and budgets",Ecological Indicators,http://doi.org/10.1016/j.ecolind.2011.06.019,2012,yes,yes,germany,yes,yes,multiple,multiple,no,,"calculated 7 EI metrics, one was biodiversity. lots going on in this paper",Jessalyn/Gavin
49,Burkhard B.; Müller F.,Indicating human-environmental system properties: Case study northern Fenno-Scandinavian reindeer herding,Ecological Indicators,http://doi.org/10.1016/j.ecolind.2007.06.003,2008,yes,yes,scandanavia,no,no,,,,,species richness is one aspect of their EI calculations,Jessalyn/Gavin
50,Burkhard B.; Opitz S.; Lenhart H.; Ahrendt K.; Garthe S.; Mendel B.; Windhorst W.,Ecosystem based modeling and indication of ecological integrity in the German North Sea-case study offshore wind parks,Ecological Indicators,http://doi.org/10.1016/j.ecolind.2009.07.004,2011,yes,yes,german north sea,yes,yes,marine,birds,no,,diversity was one axis,Jessalyn/Gavin
52,Cai W.; Zhou Z.; Xia J.; Wang W.; Dou C.; Zeng Z.,An advanced index of ecological Integrity (IEI) for assessing ecological efficiency of restauration revetments in river plain,Ecological Indicators,http://doi.org/10.1016/j.ecolind.2019.105762,2020,yes,yes,rivers in china,yes,yes,aquatic,multiple,yes,"microhabitat,trophic position,trophic strategies",developing new method,Jessalyn/Gavin
53,Cajaiba R.L.; Périco E.; da Silva W.B.; Leote P.; Santos M.,Are Small Dung Beetles (Aphodiinae) useful for monitoring neotropical forests’ ecological status? Lessons from a preliminary case study in the Brazilian Amazon,Forest Ecology and Management,http://doi.org/10.1016/j.foreco.2018.07.005,2018,yes,yes,northern brazil,yes,yes,terrestrial,invertebrates,no,,,Jessalyn/Gavin
54,Cam E.; Nichols J.D.; Sauer J.R.; Hines J.E.; Flather C.H.,Relative species richness and community completeness: Birds and urbanization in the Mid-Atlantic states,Ecological Applications,http://doi.org/10.1890/1051-0761(2000)010[1196:RSRACC]2.0.CO;2,2000,yes,yes,mid-atlantic states,yes,yes,terrestrial,birds,no,,,Jessalyn/Gavin
66,Chin A.T.M.; Tozer D.C.; Walton N.G.; Fraser G.S.,Comparing disturbance gradients and bird-based indices of biotic integrity for ranking the ecological integrity of Great Lakes coastal wetlands,Ecological Indicators,http://doi.org/10.1016/j.ecolind.2015.05.010,2015,yes,yes,great lakes coastal wetlands,yes,yes,riparian,birds,yes,"sensitivity,foraging locations",,Jessalyn/Gavin
70,Cox B.; Oeding S.; Taffs K.,"A comparison of macroinvertebrate-based indices for biological assessment of river health: A case example from the sub-tropical Richmond River Catchment in northeast New South Wales, Australia",Ecological Indicators,http://doi.org/10.1016/j.ecolind.2019.105479,2019,yes,yes,freshwater streams in new south wales australia,yes,yes,aquatic,invertebrates,no,,,Jessalyn/Gavin
71,Crawford J.A.; Peterman W.E.; Kuhns A.R.; Phillips C.A.,Effectiveness of rapid sampling assessments for wetland-breeding amphibians,Ecological Indicators,http://doi.org/10.1016/j.ecolind.2023.110736,2023,Yes,Yes,North America,Yes,Yes,aquatic,amphibians,yes,sensitivity,amphibians,Ana
75,DeLuca W.V.; Studds C.E.; King R.S.; Marra P.P.,Coastal urbanization and the integrity of estuarine waterbird communities: Threshold responses and the importance of scale,Biological Conservation,http://doi.org/10.1016/j.biocon.2008.07.023,2008,Yes,Yes,North America,Yes,Yes,marine,birds,yes,"sensitivity,foraging,nesting,migration,habitat generalism",waterbirds,Ana
76,Deng X.; Xu Y.; Han L.; Yu Z.; Yang M.; Pan G.,"Assessment of river health based on an improved entropy-based fuzzy matter-element model in the Taihu Plain, China",Ecological Indicators,http://doi.org/10.1016/j.ecolind.2015.04.020,2015,Yes,Yes,Asia,Yes,Yes,aquatic,invertebrates,yes,sensitivity,aquatic macroinvertebrates,Ana
80,Doren R.F.; Trexler J.C.; Gottlieb A.D.; Harwell M.C.,Ecological indicators for system-wide assessment of the greater everglades ecosystem restoration program,Ecological Indicators,http://doi.org/10.1016/j.ecolind.2008.08.009,2009,Yes,Yes,North America,Yes,Yes,aquatic,multiple,yes,trophic groups,everglades - aquatic,Ana
90,Gallardo B.; Gascón S.; Quintana X.; Comín F.A.,How to choose a biodiversity indicator - Redundancy and complementarity of biodiversity metrics in a freshwater ecosystem,Ecological Indicators,http://doi.org/10.1016/j.ecolind.2010.12.019,2011,Yes,Yes,Europe,Yes,Yes,aquatic,invertebrates,yes,functional diversity,aquatic macroinvertebrate,Ana
92,Getachew M.; Ambelu A.; Tiku S.; Legesse W.; Adugna A.; Kloos H.,"Ecological assessment of Cheffa Wetland in the Borkena Valley, northeast Ethiopia: Macroinvertebrate and bird communities",Ecological Indicators,http://doi.org/10.1016/j.ecolind.2011.09.011,2012,Yes,Yes,Africa,Yes,Yes,aquatic,multiple,no,,aquatic macroinverts an birds,Ana
94,Gil-Sánchez J.M.; Sánchez-Cerdá M.,Current overlapping distribution of megaherbivores and top predators: An approach to the last terrestrial areas with ecological integrity,Biological Conservation,http://doi.org/10.1016/j.biocon.2022.109848,2023,Yes,Yes,Global,Yes,Yes,terrestrial,mammals,no,,megaherbivores,Ana
95,Golfieri B.; Hardersen S.; Maiolini B.; Surian N.,Odonates as indicators of the ecological integrity of the river corridor: Development and application of the Odonate River Index (ORI) in northern Italy,Ecological Indicators,http://doi.org/10.1016/j.ecolind.2015.09.022,2016,Yes,Yes,Europe,yes,Yes,aquatic,invertebrates,no,,dragonflies,Ana
96,Gómez C.; Tenorio E.A.; Cadena C.D.,Change in avian functional fingerprints of a Neotropical montane forest over 100 years as an indicator of ecosystem integrity,Conservation Biology,http://doi.org/10.1111/cobi.13714,2021,Yes,Yes,South America,Yes,Yes,terrestrial,birds,yes,functional diversity,cool paper on bird functional space,Ana
99,Grenier M.; Lavoie I.; Rousseau A.N.; Campeau S.,Defining ecological thresholds to determine class boundaries in a bioassessment tool: The case of the Eastern Canadian Diatom Index (IDEC),Ecological Indicators,http://doi.org/10.1016/j.ecolind.2010.03.003,2010,Yes,Yes,North America,Yes,Yes,aquatic,invertebrates,no,,diatoms,Ana
102,Hak J.C.; Comer P.J.,Modeling landscape condition for biodiversity assessment—Application in temperate North America,Ecological Indicators,http://doi.org/10.1016/j.ecolind.2017.06.049,2017,Maybe,Yes,North America,Yes,Yes,multiple,multiple,no,,indices of landscape condition that incorporate biodiversity,Ana
103,Hallett C.S.; Valesini F.J.; Clarke K.R.,A method for selecting health index metrics in the absence of independent measures of ecological condition,Ecological Indicators,http://doi.org/10.1016/j.ecolind.2011.07.002,2012,Yes,Yes,Australia,Yes,Yes,marine,fish,yes,"trophic groups,habitat functions",fish,Ana
105,Hansen A.J.; Mullan K.; Theobald D.M.; Robinson N.; East A.; Powell S.,Informing conservation decisions to target private lands of highest ecological value and risk of loss,Ecological Applications,http://doi.org/10.1002/eap.2612,2022,Yes,Yes,North America,Yes,Yes,terrestrial,multiple,no,,combined metric of habitat and species risk across a lot of tax,Ana
106,Harrison T.D.; Kelly F.L.,Development of an estuarine multi-metric fish index and its application to Irish transitional waters,Ecological Indicators,http://doi.org/10.1016/j.ecolind.2013.06.018,2013,Yes,Yes,Europe,yes,Yes,marine,fish,yes,trophic groups,fish,Ana
109,Helson J.E.; Williams D.D.,Development of a macroinvertebrate multimetric index for the assessment of low-land streams in the neotropics,Ecological Indicators,http://doi.org/10.1016/j.ecolind.2012.12.030,2013,Yes,Yes,Central America,Yes,Yes,aquatic,invertebrates,yes,"trophic groups,feeding behaviours",aquatic macroinvertebrates,Ana
112,Hua Y.; Cui B.; He W.; Cai Y.,Identifying potential restoration areas of freshwater wetlands in a river delta,Ecological Indicators,http://doi.org/10.1016/j.ecolind.2016.07.036,2016,Maybe,Yes/maybe,Asia,Maybe,Yes,multiple,birds,no,,prioritization of restoration areas based on likelihood of restoration success - includes birds,Ana
114,Itsukushima R.,Study of aquatic ecological regions using fish fauna and geographic archipelago factors,Ecological Indicators,http://doi.org/10.1016/j.ecolind.2018.08.057,2019,Yes,Yes,Asia,Yes,yes,aquatic,fish,no,,fish in Japan,Ana
119,Jiang M.; Chen H.; Chen Q.; Wu H.; Chen P.,Wetland ecosystem integrity and its variation in an estuary using the EBLE index,Ecological Indicators,http://doi.org/10.1016/j.ecolind.2014.08.008,2015,Yes,Yes,Asia,Yes,Yes,marine,multiple,no,,"fish, phytoplankton, sessile marine/estuary organisms",Ana
120,Johnson S.L.; Ringler N.H.,"The response of fish and macroinvertebrate assemblages to multiple stressors: A comparative analysis of aquatic communities in a perturbed watershed (Onondaga Lake, NY)",Ecological Indicators,http://doi.org/10.1016/j.ecolind.2014.02.006,2014,Yes,Yes,North America,Yes,Yes,aquatic,multiple,yes,"feeding guilds,trophic position","fish, macroinverts",Ana
121,Jung J.A.; Rogers H.N.; Grabas G.P.,Refinement of an index of ecological condition for marsh bird communities in lower Great Lakes coastal wetlands,Ecological Indicators,http://doi.org/10.1016/j.ecolind.2020.106097,2020,Yes,Yes,North America,Yes,Yes,aquatic,birds,no,,birds in wetlands,Ana
128,Keddy P.A.; Drummond C.G.,"Ecological properties for the evaluation, management, and restoration of temperate deciduous forest ecosystems",Ecological Applications,http://doi.org/10.2307/2269480,1996,Yes,Yes,North America,Yes,Yes,terrestrial,multiple,no,,metric of forest health for eastern US,Ana
130,Kietzka G.J.; Pryke J.S.; Gaigher R.; Samways M.J.,Webs of well-designed conservation corridors maintain river ecosystem integrity and biodiversity in plantation mosaics,Biological Conservation,http://doi.org/10.1016/j.biocon.2021.108965,2021,Yes,Yes,Africa,Yes,Yes,terrestrial,invertebrates,yes,sensitivity,dragonflies in aquatic environments,Ana
131,Kimmel W.G.; Argent D.G.,Community concordance between fishes and benthic macroinvertebrates among adventitious and ordinate tributaries of a major river system,Ecological Indicators,http://doi.org/10.1016/j.ecolind.2016.05.037,2016,Yes,Yes,North America,Yes,Yes,aquatic,multiple,no,,fish and macroinvertebrates,Ana
134,Kranabetter J.M.; Haeussler S.; Wood C.,"Vulnerability of boreal indicators (ground-dwelling beetles, understory plants and ectomycorrhizal fungi) to severe forest soil disturbance",Forest Ecology and Management,http://doi.org/10.1016/j.foreco.2017.07.008,2017,Yes,Yes,North America,Yes,Yes,terrestrial,invertebrates,no,,beetles in forests,Ana
138,Leathwick J.R.; Moilanen A.; Ferrier S.; Julian K.,"Complementarity-based conservation prioritization using a community classification, and its application to riverine ecosystems",Biological Conservation,http://doi.org/10.1016/j.biocon.2010.01.012,2010,Maybe,Yes/Maybe,New Zealand,Yes,Yes,aquatic,multiple,no,,using variation in ecosystem diversity as a conservation planning tool - using fish and macroinvert communities,Ana
140,Leboucher T.; Mignien L.; Wach M.; Boutry S.; Jamoneau A.; Passy S.I.; Tison-Rosebery J.,Consideration of mass effect processes in bioindication allows more accurate bioassessment of water quality,Ecological Indicators,http://doi.org/10.1016/j.ecolind.2021.107791,2021,Yes,Yes,Europe,Yes,Yes,aquatic,invertebrates,no,,diatoms in rivers,Ana
149,Lõhmus A.; Pass E.; Pensa M.,Distribution of grouse and their predators in peatland forest landscapes: A case for ecological integrity,Forest Ecology and Management,http://doi.org/10.1016/j.foreco.2023.121332,2023,Yes,Maybe,Europe,Yes,Yes,terrestrial,vertebrates,no,,"grouse, metric is not traditional for integrity per se (just species' mapping)",Jamie
150,Lookingbill T.R.; Schmit J.P.; Tessel S.M.; Suarez-Rubio M.; Hilderbrand R.H.,"Assessing national park resource condition along an urban-rural gradient in and around Washington, DC, USA",Ecological Indicators,http://doi.org/10.1016/j.ecolind.2013.12.025,2014,Yes,Yes,North America,Yes,Yes,aquatic,multiple,no,,"fish, aquatic macroinvertebrates, gypsy moth presence",Jamie
153,Lorion C.M.; Kennedy B.P.,Riparian forest buffers mitigate the effects of deforestation on fish assemblages in tropical headwater streams,Ecological Applications,http://doi.org/10.1890/08-0050.1,2009,Yes,Yes,North America,Yes,Yes,aquatic,fish,yes,trophic groups,fish assemblages,Jamie
154,Lougheed V.L.; Chow-Fraser P.,Development and use of a zooplankton index of wetland quality in the Laurentian Great Lakes Basin,Ecological Applications,http://doi.org/10.1890/1051-0761(2002)012[0474:DAUOAZ]2.0.CO;2,2002,Yes,Yes,North America,Yes,Yes,aquatic,invertebrates,yes,habitat associations,zooplankton,Jamie
158,Lyons J.; Navarro‐Pérez S.; Cochran P.A.; Santana E.C.; Guzmán‐Arroyo M.,Index of Biotic Integrity Based on Fish Assemblages for the Conservation of Streams and Rivers in West‐Central Mexico; [Indice de integridad biótica basado en las características de las comunidades de peces para la conservación de arroyos y ríos en el centro‐oeste de México],Conservation Biology,http://doi.org/10.1046/j.1523-1739.1995.09030569.x,1995,Yes,Yes,North America,Yes,Yes,aquatic,fish,yes,"trophic groups,habitat associations",fish assemblages,Jamie
161,MacPherson T.; Bouman O.T.,Concordance of N bio-indicators: Dandelion and earthworms in a rotational pasture,Ecological Indicators,http://doi.org/10.1016/j.ecolind.2012.08.025,2013,Yes,Yes,North America,Yes,Yes,terrestrial,invertebrates,no,,earthworms,Jamie
167,Martínez-Fernández V.; Solana-Gutiérrez J.; García De Jalón D.; Alonso C.,"Sign, strength and shape of stream fish-based metric responses to geo-climatic and human pressure gradients",Ecological Indicators,http://doi.org/10.1016/j.ecolind.2019.04.076,2019,Yes,Yes,Europe,Yes,Yes,aquatic,fish,yes,body size,fish assemblages,Jamie
168,Masese F.O.; Kitaka N.; Kipkemboi J.; Gettel G.M.; Irvine K.; McClain M.E.,Litter processing and shredder distribution as indicators of riparian and catchment influences on ecological health of tropical streams,Ecological Indicators,http://doi.org/10.1016/j.ecolind.2014.05.032,2014,Yes,Yes,Africa,Yes,Yes,aquatic,invertebrates,yes,feeding guild,invertebrates,Jamie
171,McCary M.A.; Martínez J.-C.; Umek L.; Heneghan L.; Wise D.H.,Effects of woodland restoration and management on the community of surface-active arthropods in the metropolitan Chicago region,Biological Conservation,http://doi.org/10.1016/j.biocon.2015.06.005,2015,Yes,Yes,North America,Yes,Yes,terrestrial,invertebrates,no,,arthropod communities,Jamie
175,Medeiros J.P.; Chaves M.L.; Silva G.; Azeda C.; Costa J.L.; Marques J.C.; Costa M.J.; Chainho P.,Benthic condition in low salinity areas of the Mira estuary (Portugal): Lessons learnt from freshwater and marine assessment tools,Ecological Indicators,http://doi.org/10.1016/j.ecolind.2011.09.008,2012,Yes,Yes,Europe,Yes,Yes,multiple,invertebrates,no,,benthic macroinvertabrates,Jamie
176,Meißner T.; Schütt M.; Sures B.; Feld C.K.,Riverine regime shifts through reservoir dams reveal options for ecological management,Ecological Applications,http://doi.org/10.1002/eap.1786,2018,Yes,Yes,Europe,Yes,Yes,aquatic,invertebrates,yes,"habitat associations,sensitivity",macroinvertebrates,Jamie
179,Miguel T.B.; Oliveira-Junior J.M.B.; Ligeiro R.; Juen L.,Odonata (Insecta) as a tool for the biomonitoring of environmental quality,Ecological Indicators,http://doi.org/10.1016/j.ecolind.2017.06.010,2017,Yes,Yes,South America,Yes,Yes,aquatic,invertebrates,no,,Odonata (Insecta) assemblages,Jamie
182,Minaya V.; McClain M.E.; Moog O.; Omengo F.; Singer G.A.,"Scale-dependent effects of rural activities on benthic macroinvertebrates and physico-chemical characteristics in headwater streams of the Mara River, Kenya",Ecological Indicators,http://doi.org/10.1016/j.ecolind.2013.03.011,2013,Yes,Yes,Africa,Yes,Yes,aquatic,invertebrates,no,,benthic macroinvertebrates,Jamie
185,Mora F.,Nation-wide indicators of ecological integrity in Mexico: The status of mammalian apex-predators and their habitat,Ecological Indicators,http://doi.org/10.1016/j.ecolind.2017.06.030,2017,Yes,Yes,North America,Yes,Yes,terrestrial,mammals,no,,good example including mammals in Mexico,Jamie
186,Moreira-Arce D.; Vergara P.M.; Fierro A.; Pincheira E.; Crespin S.J.; Alaniz A.; Carvajal M.A.,Standing dead trees as indicators of vertebrate diversity: Bringing continuity to the ecological role of senescent trees in austral temperate forests,Ecological Indicators,http://doi.org/10.1016/j.ecolind.2021.107878,2021,Yes,Yes,South America,Yes,Yes,terrestrial,vertebrates,no,,another good example using birds and mammals and really great figures!,Jamie
187,Müller F.; Bergmann M.; Dannowski R.; Dippner J.W.; Gnauck A.; Haase P.; Jochimsen M.C.; Kasprzak P.; Kröncke I.; Kümmerlin R.; Küster M.; Lischeid G.; Meesenburg H.; Merz C.; Millat G.; Müller J.; Padisák J.; Schimming C.G.; Schubert H.; Schult M.; Selmeczy G.; Shatwell T.; Stoll S.; Schwabe M.; Soltwedel T.; Straile D.; Theuerkauf M.,Assessing resilience in long-term ecological data sets,Ecological Indicators,http://doi.org/10.1016/j.ecolind.2015.10.066,2016,Yes,Yes,Europe,Yes,Yes,multiple,multiple,no,,"one of the examples (13 case studies) has macrozoobenthos, another has Tellina (Fabulina) fabula community, another has fish assemblages, another has Epibenthic megafauna",Jamie
190,Nazeer S.; Hashmi M.Z.; Malik R.N.; Qadir A.; Ahmed A.; Ullah K.,Integrative assessment of Western Himalayas streams using multimeric index,Ecological Indicators,http://doi.org/10.1016/j.ecolind.2015.12.016,2016,Yes,Yes,Asia,Yes,Yes,aquatic,fish,yes,"trophic groups,habitat use,sensitivity",fish assemblages,Jamie
193,Onditi K.O.; Song W.; Li X.; Musila S.; Chen Z.; Li Q.; Mathenge J.; Kioko E.; Jiang X.,Untangling key abiotic predictors of terrestrial mammal diversity patterns across ecoregions and species groups in Kenya,Ecological Indicators,http://doi.org/10.1016/j.ecolind.2023.110595,2023,Yes,Yes,Africa,Yes,Yes,terrestrial,mammals,yes,functional diversity,mammal diversity,Jamie
194,Ondiviela B.; Recio M.; Juanes J.A.,A management approach for the ecological integrity of NE Atlantic estuaries,Ecological Indicators,http://doi.org/10.1016/j.ecolind.2014.12.003,2015,Yes,Yes,Europe,Yes,Yes,aquatic,invertebrates,no,,benthic invertebrates,Jamie
196,Özkundakci D.; Hamilton D.P.; Kelly D.; Schallenberg M.; De Winton M.; Verburg P.; Trolle D.,Ecological integrity of deep lakes in New Zealand across anthropogenic pressure gradients,Ecological Indicators,http://doi.org/10.1016/j.ecolind.2013.10.005,2014,Yes,Yes,Oceana,Yes,Yes,aquatic,multiple,no,,"rotifer, macroinvertebrate, fish SR",Jamie
197,Parr T.B.; Cronan C.S.; Danielson T.J.; Tsomides L.; Simon K.S.,Aligning indicators of community composition and biogeochemical function in stream monitoring and ecological assessments,Ecological Indicators,http://doi.org/10.1016/j.ecolind.2015.08.049,2016,Yes,Yes,North America,Yes,Yes,aquatic,invertebrates,yes,sensitivity,macroinvertebrates,Jamie
198,"Paukert C.P.; Kleekamp E.R.; Tingley R.W., III",Identifying candidate reference reaches to assess the physical and biological integrity of wadeable streams in different ecoregions and among stream sizes,Ecological Indicators,http://doi.org/10.1016/j.ecolind.2019.105966,2020,Yes,Yes,North America,Yes,Yes,aquatic,multiple,yes,"sensitivity,trophic groups",fish and macroinvertebrates,Jamie
201,Pérez J.; Correa-Araneda F.; López-Rojo N.; Basaguren A.; Boyero L.,Extreme temperature events alter stream ecosystem functioning,Ecological Indicators,http://doi.org/10.1016/j.ecolind.2020.106984,2021,Yes-maybe,Yes,Europe,Yes,Yes,aquatic,invertebrates,no,,experiment using invertebrates,Jamie
208,Principe R.E.; Márquez J.A.; Martina L.C.; Jobbágy E.G.; Albariño R.J.,Pine afforestation changes more strongly community structure than ecosystem functioning in grassland mountain streams,Ecological Indicators,http://doi.org/10.1016/j.ecolind.2015.04.033,2015,Yes,Yes,South America,Yes,Yes,aquatic,invertebrates,no,,invertebrates,Jamie
209,Prudente B.D.S.; Pompeu P.S.; Montag L.,Using multimetric indices to assess the effect of reduced impact logging on ecological integrity of Amazonian streams,Ecological Indicators,http://doi.org/10.1016/j.ecolind.2018.04.020,2018,Yes,Yes,South America,Yes,Yes,aquatic,fish,yes,"trophic groups,habitat associations",fish assemblages,Jamie
211,Qian L.; Wang F.; Cao W.; Ding S.; Cao W.,"Ecological health assessment and sustainability prediction in coastal area: A case study in Xiamen Bay, China",Ecological Indicators,http://doi.org/10.1016/j.ecolind.2023.110047,2023,Yes- but note terms,Yes,Asia- aquatic,Yes,Yes,marine,invertebrates,no,,"""ecosystem health"" metric includes benthic community diversity index",Helen
212,Quigley T.M.; Haynes R.W.; Hann W.J.,Estimating ecological integrity in the interior Columbia River basin,Forest Ecology and Management,http://doi.org/10.1016/S0378-1127(01)00459-5,2001,Yes,Yes,N. America- regional,Yes,Yes,multiple,multiple,no,,"Good historical example from Columbia Basin project includes a ""Native Fish"" Index as a proxy variable for integrity",Helen
215,Ramos S.; Cabral H.; Elliott M.,Do fish larvae have advantages over adults and other components for assessing estuarine ecological quality?,Ecological Indicators,http://doi.org/10.1016/j.ecolind.2015.03.005,2015,Yes,Yes,N. America- estuary,Yes,Yes,multiple,fish,no,,"""larval fish assembalges"" as indicator",Helen
217,Rempel R.S.; Naylor B.J.; Elkie P.C.; Baker J.; Churcher J.; Gluck M.J.,An indicator system to assess ecological integrity of managed forests,Ecological Indicators,http://doi.org/10.1016/j.ecolind.2015.08.033,2016,Yes,Yes,N. America- forested,Yes,Yes,terrestrial,birds,no,,"""Forest bird assemblages""",Helen
222,Robinson C.T.; Uehlinger U.,Experimental floods cause ecosystem regime shift in a regulated river,Ecological Applications,http://doi.org/10.1890/07-0886.1,2008,Yes- but note terms,Yes,N. America- riparian,Yes,Yes,aquatic,invertebrates,no,,"macroinvertebrate assemblages as indicator of ecosystem integrity after flood to restore integrity- term integrity used sparsely.  paper frames as ""regime shift"" but opening sentence of abstract says purpose of floods was to restore integrity.",Helen
224,Rocha-Ortega M.; Rodríguez P.; Córdoba-Aguilar A.,Can dragonfly and damselfly communities be used as bioindicators of land use intensification?,Ecological Indicators,http://doi.org/10.1016/j.ecolind.2019.105553,2019,Yes,Yes- but see notes,N. America,Yes,Yes,terrestrial,invertebrates,yes,body size,Odonate assemblages with a focus on Odonate traits (e.g. body size).  Note focused on changes in response to land use change so focused on specific case where change in integrity was expected.,Helen
225,Rodil I.F.; Lohrer A.M.; Hewitt J.E.; Townsend M.; Thrush S.F.; Carbines M.,Tracking environmental stress gradients using three biotic integrity indices: Advantages of a locally-developed traits-based approach,Ecological Indicators,http://doi.org/10.1016/j.ecolind.2013.06.023,2013,Yes,Yes,Oceana- intertidal,Yes,Yes,aquatic,invertebrates,yes,"body size,mobiility,morphology,habitat associations","benthic macroinvertebrate communities, multiple different quantitative metrics calculated",Helen
228,Ruas S.; Rotchés-Ribalta R.; hUallacháin D.Ó.; Ahmed K.D.; Gormally M.; Stout J.C.; White B.; Moran J.,Selecting appropriate plant indicator species for Result-Based Agri-Environment Payments schemes,Ecological Indicators,http://doi.org/10.1016/j.ecolind.2021.107679,2021,Yes,Yes,Europe- agricultural,No,No,,,,,grassland indicator species to calculate species richness and simpson diversity index,Helen
232,Santos M.; Bastos R.; Travassos P.; Bessa R.; Repas M.; Cabral J.A.,Predicting the trends of vertebrate species richness as a response to wind farms installation in mountain ecosystems of northwest Portugal,Ecological Indicators,http://doi.org/10.1016/j.ecolind.2009.04.014,2010,Yes,Yes,Europe- terrestrial,Yes,Yes,terrestrial,vertebrates,no,,"vertebrate species richness and ""stochastic dynamic methodology"" for ecological integrity",Helen
233,Santos M.; Cabral J.A.,Development of a stochastic dynamic model for ecological indicators' prediction in changed Mediterranean agroecosystems of north-eastern Portugal,Ecological Indicators,http://doi.org/10.1016/j.ecolind.2003.11.007,2004,Yes,Yes,Europe- terrestrial,Yes,Yes,terrestrial,birds,yes,"trophic groups,habitat associations",passerine guild richness,Helen
235,Shah R.D.T.; Shah D.N.,Performance of different biotic indices assessing the ecological status of rivers in the Central Himalaya,Ecological Indicators,http://doi.org/10.1016/j.ecolind.2012.04.001,2012,Yes,Yes,Asia- aquatic,Yes,Yes,aquatic,invertebrates,no,,benthic macroinvertebrate assemblage folded into 5 different metrics that seem to be getting at integrity,Helen
241,Sheldon F.; Boulton A.J.; Puckridge J.T.,"Conservation value of variable connectivity: Aquatic invertebrate assemblages of channel and floodplain habitats of a central Australian arid-zone river, Cooper Creek",Biological Conservation,http://doi.org/10.1016/S0006-3207(01)00111-2,2002,Yes,Yes,Australia- riparian,Yes,Yes,aquatic,invertebrates,no,,macroinvertebrate richness and abundance,Helen
243,Silva D.d.p.; De Marco P.; Resende D.C.,Adult odonate abundance and community assemblage measures as indicators of stream ecological integrity: A case study,Ecological Indicators,http://doi.org/10.1016/j.ecolind.2009.12.004,2010,Yes,Yes,S. America- riparian,Yes,Yes,aquatic,invertebrates,no,,odonate abundance and richness,Helen
246,Silva-Santos P.; Valentim H.; Luís A.; Queirós L.; Travassos P.; Cabral J.A.,A Stochastic Dynamic Methodology (StDM) to simulate the effects of fire on vegetation and bird communities in Pinus pinaster stands,Ecological Indicators,http://doi.org/10.1016/j.ecolind.2009.04.015,2010,Yes,Yes- note similar to above but link assumed,Europe- forested,Yes,Yes,terrestrial,birds,no,,terrestrial birds as indicator of forest integrity post fire.,Helen
247,Simaika J.P.; Samways M.J.,Comparative assessment of indices of freshwater habitat conditions using different invertebrate taxon sets,Ecological Indicators,http://doi.org/10.1016/j.ecolind.2010.06.005,2011,Yes,Yes,Africa- riparian,Yes,Yes,aquatic,invertebrates,yes,sensitivity,dragonfly biotic index,Helen
248,Sirami C.; Jacobs D.S.; Cumming G.S.,"Artificial wetlands and surrounding habitats provide important foraging habitat for bats in agricultural landscapes in the Western Cape, South Africa",Biological Conservation,http://doi.org/10.1016/j.biocon.2013.04.017,2013,Yes,Yes,Africa- terrestrial,Yes,Yes,multiple,bats,no,,bat divesity and abundance,Helen
252,Souza G.B.G.; Vianna M.,Fish-based indices for assessing ecological quality and biotic integrity in transitional waters: A systematic review,Ecological Indicators,http://doi.org/10.1016/j.ecolind.2019.105665,2020,Yes,Yes- but see notes,aquatic,Yes,Yes,aquatic,fish,no,,review paper of different fish indices,Helen
253,Stryszowska-Hill K.M.; Benson C.E.; Carberry B.; Twiss M.R.; Langen T.A.,Performance of wetland environmental quality assessment indicators at evaluating palustrine wetlands in northeastern New York State,Ecological Indicators,http://doi.org/10.1016/j.ecolind.2018.11.051,2019,Yes,Yes- but see notes,N. America- wetland,Yes,Yes,aquatic,multiple,no,,anuran and bird richness,Helen
271,Wu N.; Schmalz B.; Fohrer N.,Development and testing of a phytoplankton index of biotic integrity (P-IBI) for a German lowland river,Ecological Indicators,http://doi.org/10.1016/j.ecolind.2011.05.022,2012,Yes,Yes,Europe- aquatic,Yes,Yes,aquatic,invertebrates,no,,Phytoplankton based index,Helen
274,Young J.S.; Ammon E.M.; Weisberg P.J.; Dilts T.E.; Newton W.E.; Wong-Kone D.C.; Heki L.G.,Comparison of bird community indices for riparian restoration planning and monitoring,Ecological Indicators,http://doi.org/10.1016/j.ecolind.2013.05.004,2013,Yes,Yes,N. America- riparian,Yes,Yes,riparian,birds,yes,habitat associations,bird community assemblages,Helen
277,Zampella R.A.; Bunnell J.F.; Laidig K.J.; Procopio N.A.,Using multiple indicators to evaluate the ecological integrity of a coastal plain stream system,Ecological Indicators,http://doi.org/10.1016/j.ecolind.2005.08.027,2006,Yes,Yes,N. America- coastal,Yes,Yes,multiple,multiple,no,,"Fish, anuran assemblages",Helen
279,Zhang Y.; Cheng L.; Kong M.; Li W.; Gong Z.; Zhang L.; Wang X.; Cai Y.; Li K.,Utility of a macroinvertebrate-based multimetric index in subtropical shallow lakes,Ecological Indicators,http://doi.org/10.1016/j.ecolind.2019.105527,2019,Yes,Yes,Asia- aquatic,Yes,Yes,aquatic,invertebrates,yes,"functional diversity,sensitivity,feeding guilds",macroinvertebrate assemblage,Helen
6,Amis M.A.; Rouget M.; Lotter M.; Day J.,Integrating freshwater and terrestrial priorities in conservation planning,Biological Conservation,http://doi.org/10.1016/j.biocon.2009.04.021,2009,yes,yes,South Africa,yes,yes??,multiple,multiple,no,,,Jessalyn/Gavin
1,Abraham A.J.; Duvall E.S.; le Roux E.; Ganswindt A.; Clauss M.; Doughty C.E.; Webster A.B.,Anthropogenic supply of nutrients in a wildlife reserve may compromise conservation success,Biological Conservation,http://doi.org/10.1016/j.biocon.2023.110149,2023,No,,,,,,,,,,Jessalyn/Gavin
2,Alamgir M.; Turton S.M.; Campbell M.J.; Macgregor C.J.; Pert P.L.,Spatial congruence and divergence between ecosystem services and biodiversity in a tropical forested landscape,Ecological Indicators,http://doi.org/10.1016/j.ecolind.2018.04.017,2018,no,,,,,,,,,,Jessalyn/Gavin
5,Allan J.R.; Kormos C.; Jaeger T.; Venter O.; Bertzky B.; Shi Y.; Mackey B.; van Merm R.; Osipova E.; Watson J.E.M.,Gaps and opportunities for the World Heritage Convention to contribute to global wilderness conservation,Conservation Biology,http://doi.org/10.1111/cobi.12976,2018,no,,,,,,,,,,Jessalyn/Gavin
7,Andreasen J.K.; O'Neill R.V.; Noss R.; Slosser N.C.,Considerations for the development of a terrestrial index of ecological integrity,Ecological Indicators,http://doi.org/10.1016/S1470-160X(01)00007-3,2001,yes,no,,,,,,,,"set of characteristics of a good ecological integrity metric, no applied content",Jessalyn/Gavin
10,Asaad I.; Lundquist C.J.; Erdmann M.V.; Costello M.J.,Ecological criteria to identify areas for biodiversity conservation,Biological Conservation,http://doi.org/10.1016/j.biocon.2016.10.007,2017,yes,no,,,,,,,,,Jessalyn/Gavin
11,Aubin I.; Messier C.; Bouchard A.,Can plantations develop understory biological and physical attributes of naturally regenerated forests?,Biological Conservation,http://doi.org/10.1016/j.biocon.2008.07.007,2008,no,,,,,,,,,,Jessalyn/Gavin
12,Azevedo-Ramos C.; de Carvalho Jr. O.; do Amaral B.D.,Short-term effects of reduced-impact logging on eastern Amazon fauna,Forest Ecology and Management,http://doi.org/10.1016/j.foreco.2006.05.025,2006,yes,no,,,,,,,,,Jessalyn/Gavin
15,Ballard G.; Jongsomjit D.; Veloz S.D.; Ainley D.G.,Coexistence of mesopredators in an intact polar ocean ecosystem: The basis for defining a Ross Sea marine protected area,Biological Conservation,http://doi.org/10.1016/j.biocon.2011.11.017,2012,no,,,,,,,,,,Jessalyn/Gavin
16,Baron J.S.; LeRoy Poff N.; Angermeier P.L.; Dahm C.N.; Gleick P.H.; Hairston Jr. N.G.; Jackson R.B.; Johnston C.A.; Richter B.D.; Steinman A.D.,Meeting ecological and societal needs for freshwater,Ecological Applications,http://doi.org/10.1890/1051-0761(2002)012[1247:MEASNF]2.0.CO;2,2002,yes,no,,,,,,,,,Jessalyn/Gavin
17,Bastille-Rousseau G.; Wittemyer G.,Characterizing the landscape of movement to identify critical wildlife habitat and corridors,Conservation Biology,http://doi.org/10.1111/cobi.13519,2021,no,,,,,,,,,,Jessalyn/Gavin
18,Bastos R.; D'Amen M.; Vicente J.; Santos M.; Yu H.; Eitelberg D.; Gonçalves J.; Civantos E.; Honrado J.; Cabral J.A.,A multi-scale looping approach to predict spatially dynamic patterns of functional species richness in changing landscapes,Ecological Indicators,http://doi.org/10.1016/j.ecolind.2015.12.025,2016,yes,no,,,,,,,,,Jessalyn/Gavin
19,Bauce T.; Fuentealba A.,"Interactions between stand thinning, site quality and host tree species on spruce budworm biological performance and host tree resistance over a 6 year period after thinning",Forest Ecology and Management,http://doi.org/10.1016/j.foreco.2013.05.008,2013,no,,,,,,,,,,Jessalyn/Gavin
20,Beattie M.; Fa J.E.; Leiper I.; Fernández-Llamazares Á.; Zander K.K.; Garnett S.T.,"Even after armed conflict, the environmental quality of Indigenous Peoples' lands in biodiversity hotspots surpasses that of non-Indigenous lands",Biological Conservation,http://doi.org/10.1016/j.biocon.2023.110288,2023,no,,,,,,,,,,Jessalyn/Gavin
23,Beirne C.; Meier A.C.; Mbele A.E.; Menie Menie G.; Froese G.; Okouyi J.; Poulsen J.R.,Participatory monitoring reveals village-centered gradients of mammalian defaunation in central Africa,Biological Conservation,http://doi.org/10.1016/j.biocon.2019.02.035,2019,no,,,,,,,,,,Jessalyn/Gavin
24,Bejarano S.; Pardede S.; Campbell S.J.; Hoey A.S.; Ferse S.C.A.,Herbivorous fish rise as a destructive fishing practice falls in an Indonesian marine national park,Ecological Applications,http://doi.org/10.1002/eap.1981,2019,no,,,,,,,,,,Jessalyn/Gavin
29,Bergez J.-E.; Béthinger A.; Bockstaller C.; Cederberg C.; Ceschia E.; Guilpart N.; Lange S.; Müller F.; Reidsma P.; Riviere C.; Schader C.; Therond O.; van der Werf H.M.G.,"Integrating agri-environmental indicators, ecosystem services assessment, life cycle assessment and yield gap analysis to assess the environmental sustainability of agriculture",Ecological Indicators,http://doi.org/10.1016/j.ecolind.2022.109107,2022,no,,,,,,,,,,Jessalyn/Gavin
30,Berhanu Y.; Dalle G.; Sintayehu D.W.; Kelboro G.; Nigussie A.,"Woody species dynamics in Sheka Forest Biosphere Reserve, Southwest Ethiopia",Forest Ecology and Management,http://doi.org/10.1016/j.foreco.2022.120313,2022,no,,,,,,,,,,Jessalyn/Gavin
32,Bichet O.; Dupuch A.; Hébert C.; Le Borgne H.; Fortin D.,Maintaining animal assemblages through single-species management: The case of threatened caribou in boreal forest,Ecological Applications,http://doi.org/10.1890/15-0525,2016,yes,no,,,,,,,,,Jessalyn/Gavin
33,Bird S.B.; Coulson R.N.; Fisher R.F.,Changes in soil and litter arthropod abundance following tree harvesting and site preparation in a loblolly pine (Pinus taeda L.) plantation,Forest Ecology and Management,http://doi.org/10.1016/j.foreco.2004.07.023,2004,no,,,,,,,,,,Jessalyn/Gavin
34,Bisbing S.M.; Buma B.J.; Naald B.V.; Bidlack A.L.,Single-tree salvage logging as a response to Alaska yellow-cedar climate-induced mortality maintains ecological integrity with limited economic returns,Forest Ecology and Management,http://doi.org/10.1016/j.foreco.2021.119815,2022,yes,no,,,,,,,,,Jessalyn/Gavin
35,Black A.E.; Morgan P.; Hessburg P.F.,"Social and biophysical correlates of change in forest landscapes of the Interior Columbia Basin, USA",Ecological Applications,http://doi.org/10.1890/1051-0761(2003)013[0051:SABCOC]2.0.CO;2,2003,yes,no,,,,,,,,,Jessalyn/Gavin
36,Blanchet S.; Páez D.J.; Bernatchez L.; Dodson J.J.,An integrated comparison of captive-bred and wild Atlantic salmon (Salmo salar): Implications for supportive breeding programs,Biological Conservation,http://doi.org/10.1016/j.biocon.2008.05.014,2008,no,,,,,,,,,,Jessalyn/Gavin
38,Blumetto O.; Castagna A.; Cardozo G.; García F.; Tiscornia G.; Ruggia A.; Scarlato S.; Albicette M.M.; Aguerre V.; Albin A.,"Ecosystem Integrity Index, an innovative environmental evaluation tool for agricultural production systems",Ecological Indicators,http://doi.org/10.1016/j.ecolind.2019.01.077,2019,yes,yes,temperate grasslands in uruguay,no,,,,,,,Jessalyn/Gavin
39,Boada J.; Arthur R.; Farina S.; Santana Y.; Mascaró O.; Romero J.; Alcoverro T.,Hotspots of predation persist outside marine reserves in the historically fished Mediterranean Sea,Biological Conservation,http://doi.org/10.1016/j.biocon.2015.06.017,2015,no,,,,,,,,,,Jessalyn/Gavin
40,Bolding M.T.; Kraft A.J.; Robinson D.T.; Rooney R.C.,Improvements in multi-metric index development using a whole-index approach,Ecological Indicators,http://doi.org/10.1016/j.ecolind.2020.106191,2020,yes,yes,prairies in alberta canada,no,,,,,,,Jessalyn/Gavin
41,Borja A.; Dauer D.M.,Assessing the environmental quality status in estuarine and coastal systems: Comparing methodologies and indices,Ecological Indicators,http://doi.org/10.1016/j.ecolind.2007.05.004,2008,yes,no,,,,,,,,review paper about various EI metrics,Jessalyn/Gavin
43,Bouchard M.; Kneeshaw D.; Bergeron Y.,Ecosystem management based on large-scale disturbance pulses: A case study from sub-boreal forests of western Quebec (Canada),Forest Ecology and Management,http://doi.org/10.1016/j.foreco.2008.05.044,2008,no,,,,,,,,,,Jessalyn/Gavin
44,Bourgeois B.; González E.; Vanasse A.; Aubin I.; Poulin M.,Spatial processes structuring riparian plant communities in agroecosystems: Implications for restoration,Ecological Applications,http://doi.org/10.1890/15-1368.1/suppinfo,2016,no,,,,,,,,,,Jessalyn/Gavin
47,Burke D.J.; Knisely C.; Watson M.L.; Carrino-Kyker S.R.; Mauk R.L.,The effects of agricultural history on forest ecological integrity as determined by a rapid forest assessment method,Forest Ecology and Management,http://doi.org/10.1016/j.foreco.2016.07.004,2016,yes,yes,forests in ohio,no,,,,,,,Jessalyn/Gavin
51,Cabral J.A.; Rocha A.; Santos M.; Crespí A.L.,A stochastic dynamic methodology (SDM) to facilitate handling simple passerine indicators in the scope of the agri-environmental measures problematics,Ecological Indicators,http://doi.org/10.1016/j.ecolind.2005.09.004,2007,yes,yes,north portugal,no,,,,,,,Jessalyn/Gavin
55,Caniani D.; Labella A.; Lioi D.S.; Mancini I.M.; Masi S.,Habitat ecological integrity and environmental impact assessment of anthropic activities: A GIS-based fuzzy logic model for sites of high biodiversity conservation interest,Ecological Indicators,http://doi.org/10.1016/j.ecolind.2016.02.038,2016,yes,yes,italy,no,,,,,,,Jessalyn/Gavin
56,Cano-Arboleda L.V.; Villegas J.C.; Restrepo A.C.; Quintero-Vallejo E.,Complementary effects of tree species on canopy rainfall partitioning: New insights for ecological restoration in Andean ecosystems,Forest Ecology and Management,http://doi.org/10.1016/j.foreco.2021.119969,2022,no,,,,,,,,,,Jessalyn/Gavin
57,Cantú C.; Wright R.G.; Scott J.M.; Strand E.,Assessment of current and proposed nature reserves of Mexico based on their capacity to protect geophysical features and biodiversity,Biological Conservation,http://doi.org/10.1016/S0006-3207(03)00158-7,2004,no,,,,,,,,,,Jessalyn/Gavin
58,Capmourteres V.; Anand M.,Assessing ecological integrity: A multi-scale structural and functional approach using Structural Equation Modeling,Ecological Indicators,http://doi.org/10.1016/j.ecolind.2016.07.006,2016,yes,no,,,,,,,,,Jessalyn/Gavin
59,Carswell F.E.; Mason N.W.H.; Overton J.M.; Price R.; Burrows L.E.; Allen R.B.,Restricting new forests to conservation lands severely constrains carbon and biodiversity gains in New Zealand,Biological Conservation,http://doi.org/10.1016/j.biocon.2014.11.002,2015,no,,,,,,,,,,Jessalyn/Gavin
60,Carvalho Vieira M.; Roitman I.; de Oliveira Barbosa H.; Machado Velho L.F.; Cardoso Galli Vieira L.,Spatial synchrony of zooplankton during the impoundment of amazonic reservoir,Ecological Indicators,http://doi.org/10.1016/j.ecolind.2018.11.040,2019,no,,,,,,,,,,Jessalyn/Gavin
61,Çelekli A.; Kapı E.,Ecoregion approach in the assessment of aquatic ecosystems in the west of Gaziantep (Turkey): Application of diatom metrics,Ecological Indicators,http://doi.org/10.1016/j.ecolind.2019.04.037,2019,yes,yes,freshwater in turkey,no,,,,,,,Jessalyn/Gavin
62,Chalar G.; Delbene L.; González-Bergonzoni I.; Arocena R.,"Fish assemblage changes along a trophic gradient induced by agricultural activities (Santa Lucía, Uruguay)",Ecological Indicators,http://doi.org/10.1016/j.ecolind.2012.08.010,2013,no,,,,,,,,,,Jessalyn/Gavin
63,Chauvenet A.L.M.,The conservation potential of protected areas over time measured through design and ecological integrity indicators is affected by land conversion,Biological Conservation,http://doi.org/10.1016/j.biocon.2023.109908,2023,yes,yes,australia,no,,,,,,pollination? but doesn't give methods ,Jessalyn/Gavin
64,Chen X.; Kang B.; Li M.; Du Z.; Zhang L.; Li H.,"Identification of priority areas for territorial ecological conservation and restoration based on ecological networks: A case study of Tianjin City, China",Ecological Indicators,http://doi.org/10.1016/j.ecolind.2022.109809,2023,yes,no,,,,,,,,,Jessalyn/Gavin
65,Chiarucci A.; Piovesan G.,Need for a global map of forest naturalness for a sustainable future,Conservation Biology,http://doi.org/10.1111/cobi.13408,2020,yes,no,,,,,,,,,Jessalyn/Gavin
67,Colas F.; Woodward G.; Burdon F.J.; Guérold F.; Chauvet E.; Cornut J.; Cébron A.; Clivot H.; Danger M.; Danner M.C.; Pagnout C.; Tiegs S.D.,Towards a simple global-standard bioassay for a key ecosystem process: organic-matter decomposition using cotton strips,Ecological Indicators,http://doi.org/10.1016/j.ecolind.2019.105466,2019,no,,,,,,,,,,Jessalyn/Gavin
68,Cole D.N.; Landres P.B.,Threats to wilderness ecosystems: impacts and research needs,Ecological Applications,http://doi.org/10.2307/2269562,1996,no,,,,,,,,,,Jessalyn/Gavin
69,Comte L.; Olden J.D.; Lischka S.; Dickson B.G.,Multi-scale threat assessment of riverine ecosystems in the Colorado River Basin,Ecological Indicators,http://doi.org/10.1016/j.ecolind.2022.108840,2022,yes,yes,streams in colorado basin,no,,,,,,framed in terms of threats instead of assets,Jessalyn/Gavin
72,Czúcz B.; Gathman J.P.; Mcpherson G.R.,The impending peak and decline of petroleum production: An underestimated challenge for conservation of ecological integrity,Conservation Biology,http://doi.org/10.1111/j.1523-1739.2010.01503.x,2010,Maybe,No,,,,,,,,,Ana
73,Davoren G.K.,Effects of gill-net fishing on marine birds in a biological hotspot in the northwest Atlantic,Conservation Biology,http://doi.org/10.1111/j.1523-1739.2007.00694.x,2007,No,,,,,,,,,,Ana
74,De Andrade R.B.; Barlow J.; Louzada J.; Mestre L.; Silveira J.; Vaz-De-Mello F.Z.; Cochrane M.A.,Biotic congruence in humid tropical forests: A multi-taxa examination of spatial distribution and responses to forest disturbance,Ecological Indicators,http://doi.org/10.1016/j.ecolind.2013.09.004,2014,No,,,,,,,,,,Ana
77,Di Sabatino A.; Cristiano G.; Pinna M.; Lombardo P.; Miccoli F.P.; Marini G.; Vignini P.; Cicolani B.,"Structure, functional organization and biological traits of macroinvertebrate assemblages from leaf-bags and benthic samples in a third-order stream of Central Apennines (Italy)",Ecological Indicators,http://doi.org/10.1016/j.ecolind.2014.06.005,2014,No,,,,,,,,,,Ana
78,Doherty K.D.; Butterfield B.J.; Wood T.E.,Matching seed to site by climate similarity: Techniques to prioritize plant materials development and use in restoration,Ecological Applications,http://doi.org/10.1002/eap.1505,2017,No,,,,,,,,,,Ana
79,Dong R.; Wang Y.; Lu C.; Lei G.; Wen L.,The seasonality of macroinvertebrate β diversity along the gradient of hydrological connectivity in a dynamic river-floodplain system,Ecological Indicators,http://doi.org/10.1016/j.ecolind.2020.107112,2021,No,,,,,,,,,,Ana
81,Dorren L.K.A.; Berger F.; Imeson A.C.; Maier B.; Rey F.,"Integrity, stability and management of protection forests in the European Alps",Forest Ecology and Management,http://doi.org/10.1016/j.foreco.2004.02.057,2004,Yes,Yes,Europe,No,,,,,,,Ana
82,Erdozain M.; Thompson D.G.; Porter T.M.; Kidd K.A.; Kreutzweiser D.P.; Sibley P.K.; Swystun T.; Chartrand D.; Hajibabaei M.,Metabarcoding of storage ethanol vs. conventional morphometric identification in relation to the use of stream macroinvertebrates as ecological indicators in forest management,Ecological Indicators,http://doi.org/10.1016/j.ecolind.2019.01.014,2019,No,,,,,,,,,,Ana
83,Everett R.; Schellhaas R.; Ohlson P.; Spurbeck D.; Keenum D.,Continuity in fire disturbance between riparian and adjacent sideslope Douglas-fir forests,Forest Ecology and Management,http://doi.org/10.1016/S0378-1127(02)00120-2,2003,No,,,,,,,,,,Ana
84,Everett R.L.; Schellhaas R.; Keenum D.; Spurbeck D.; Ohlson P.,Fire history in the ponderosa pine/Douglas-fir forests on the east slope of the Washington Cascades,Forest Ecology and Management,http://doi.org/10.1016/S0378-1127(99)00168-1,2000,No,,,,,,,,,,Ana
85,Faber-Langendoen D.; Lemly J.; Nichols W.; Rocchio J.; Walz K.; Smyth R.,Development and evaluation of NatureServe's multi-metric ecological integrity assessment method for wetland ecosystems,Ecological Indicators,http://doi.org/10.1016/j.ecolind.2019.04.025,2019,Yes,Yes,North America,No,,,,,,,Ana
86,Fan J.; Xu Y.; Ge H.; Yang W.,Vegetation growth variation in relation to topography in Horqin Sandy Land,Ecological Indicators,http://doi.org/10.1016/j.ecolind.2020.106215,2020,No,,,,,,,,,,Ana
87,Fanshawe S.; Vanblaricom G.R.; Shelly A.A.,Restored top carnivores as detriments to the performance of marine protected areas intended for fishery sustainability: A case study with red abalones and sea otters,Conservation Biology,http://doi.org/10.1046/j.1523-1739.2003.00432.x,2003,No,,,,,,,,,,Ana
88,Frank D.A.; Becklin K.M.; Penner J.F.; Lindsay K.A.; Geremia C.J.,Feast or famine: How is global change affecting forage supply for Yellowstone's ungulate herds?,Ecological Applications,http://doi.org/10.1002/eap.2735,2023,No,,,,,,,,,,Ana
89,Freyfogle E.T.; Newton J.L.,Putting science in its place,Conservation Biology,http://doi.org/10.1046/j.1523-1739.2002.01042.x,2002,No,,,,,,,,,,Ana
91,Gessner M.O.; Chauvet E.,A case for using litter breakdown to assess functional stream integrity,Ecological Applications,http://doi.org/10.1890/1051-0761(2002)012[0498:ACFULB]2.0.CO;2,2002,Yes,Yes,,No,,,,,,,Ana
93,Giam X.; Hadiaty R.K.; Tan H.H.; Parenti L.R.; Wowor D.; Sauri S.; Chong K.Y.; Yeo D.C.J.; Wilcove D.S.,Mitigating the impact of oil-palm monoculture on freshwater fishes in Southeast Asia,Conservation Biology,http://doi.org/10.1111/cobi.12483,2015,No,,,,,,,,,,Ana
97,Graham S.I.; Kinnaird M.F.; O'Brien T.G.; Vågen T.-G.; Winowiecki L.A.; Young T.P.; Young H.S.,Effects of land-use change on community diversity and composition are highly variable among functional groups,Ecological Applications,http://doi.org/10.1002/eap.1973,2019,No,,,,,,,,,,Ana
98,Green D.S.; Facka A.N.; Smith K.P.; Matthews S.M.; Powell R.A.,Evaluating the efficacy of reintroducing fishers (Pekania pennanti) to a landscape managed for timber production,Forest Ecology and Management,http://doi.org/10.1016/j.foreco.2022.120089,2022,No,,,,,,,,,,Ana
100,Grill G.; Ouellet Dallaire C.; Fluet Chouinard E.; Sindorf N.; Lehner B.,Development of new indicators to evaluate river fragmentation and flow regulation at large scales: A case study for the Mekong River Basin,Ecological Indicators,http://doi.org/10.1016/j.ecolind.2014.03.026,2014,Maybe,Yes,Asia,No,,,,,,index of flow regimes,Ana
104,Halmy M.W.A.,Assessing the impact of anthropogenic activities on the ecological quality of arid Mediterranean ecosystems (case study from the northwestern coast of Egypt),Ecological Indicators,http://doi.org/10.1016/j.ecolind.2019.02.005,2019,Yes,Yes,Africa,No,,,,,,plants,Ana
107,Heckmann K.E.; Manley P.N.; Schlesinger M.D.,Ecological integrity of remnant montane forests along an urban gradient in the Sierra Nevada,Forest Ecology and Management,http://doi.org/10.1016/j.foreco.2008.01.005,2008,Yes,Yes,North America,No,,,,,,tree stuff,Ana
108,Heine P.; Hausen J.; Ottermanns R.; Schäffer A.; Roß-Nickoll M.,Forest conversion from Norway spruce to European beech increases species richness and functional structure of aboveground macrofungal communities,Forest Ecology and Management,http://doi.org/10.1016/j.foreco.2018.09.012,2019,No,,,,,,,,,,Ana
110,Herbeck L.A.; Larsen D.R.,Plethodontid salamander response to silvicultural practices in Missouri Ozark forests,Conservation Biology,http://doi.org/10.1046/j.1523-1739.1999.98097.x,1999,No,,,,,,,,,,Ana
111,Holdaway R.J.; Wiser S.K.; Williams P.A.,Status Assessment of New Zealand's Naturally Uncommon Ecosystems,Conservation Biology,http://doi.org/10.1111/j.1523-1739.2012.01868.x,2012,Maybe,Yes/maybe,New Zealand,No,,,,,,"IUCN ""at risk"" ecosystems assessment - of plants",Ana
113,Hutto R.L.; Hutto R.R.; Hutto P.L.,Patterns of bird species occurrence in relation to anthropogenic and wildfire disturbance: Management implications,Forest Ecology and Management,http://doi.org/10.1016/j.foreco.2020.117942,2020,No,,,,,,,,,,Ana
115,Jacobs D.F.,Toward development of silvical strategies for forest restoration of American chestnut (Castanea dentata) using blight-resistant hybrids,Biological Conservation,http://doi.org/10.1016/j.biocon.2007.03.013,2007,No,,,,,,,,,,Ana
116,Jefts S.; Fernandez I.J.; Rustad L.E.; Dail D.B.,"Decadal responses in soil N dynamics at the Bear Brook Watershed in Maine, USA",Forest Ecology and Management,http://doi.org/10.1016/j.foreco.2003.08.011,2004,No,,,,,,,,,,Ana
117,Jia H.; Luo P.; Yang H.; Luo C.; Li H.; Cheng Y.; Huang Y.,"Constructing an indices system for evaluating the ecological integrity of forests in western Sichuan, China based on structural equation modeling",Ecological Indicators,http://doi.org/10.1016/j.ecolind.2022.109745,2023,Yes,Yes,Asia,No,,,,,,"good citation for ""global"" examples of ecological integrity maangement",Ana
122,Just M.G.; Hohmann M.G.; Hoffmann W.A.,"Invasibility of a fire-maintained savanna–wetland gradient by non-native, woody plant species",Forest Ecology and Management,http://doi.org/10.1016/j.foreco.2017.09.052,2017,No,,,,,,,,,,Ana
123,Kalonga S.K.; Midtgaard F.; Klanderud K.,Forest certification as a policy option in conserving biodiversity: An empirical study of forest management in Tanzania,Forest Ecology and Management,http://doi.org/10.1016/j.foreco.2015.10.034,2016,Maybe,Yes/maybe,Africa,No,,,,,,"""forest certification"" as a way to preserve intact forest habitats",Ana
124,Kandziora M.; Burkhard B.; Müller F.,"Interactions of ecosystem properties, ecosystem integrity and ecosystem service indicators: A theoretical matrix exercise",Ecological Indicators,http://doi.org/10.1016/j.ecolind.2012.09.006,2013,No,,,,,,,,,,Ana
125,Karpack M.N.; Morrison R.R.; McManamay R.A.,Quantitative assessment of floodplain functionality using an index of integrity,Ecological Indicators,http://doi.org/10.1016/j.ecolind.2019.106051,2020,Yes,Yes,North America,No,,,,,,,Ana
126,Kati V.; Petridou M.; Tzortzakaki O.; Papantoniou E.; Galani A.; Psaralexi M.; Gotsis D.; Papaioannou H.; Kassara C.,How much wilderness is left? A roadless approach under the Global and the European Biodiversity Strategy focusing on Greece,Biological Conservation,http://doi.org/10.1016/j.biocon.2023.110015,2023,No,,,,,,,,,,Ana
127,Kazmi S.S.U.H.; Uroosa; Warren A.; Xu H.,Insights into evaluating the toxic effects of nitrofurazone on ecological integrity in marine ecosystems using periphytic ciliate communities,Ecological Indicators,http://doi.org/10.1016/j.ecolind.2022.109095,2022,No,,,,,,,,,,Ana
129,Khalidah K.N.; Wahdaniyah S.; Kamarudin N.; Lechner A.M.; Azhar B.,"Spared from poaching and natural predation, wild boars are likely to play the role of dominant forest species in Peninsular Malaysia",Forest Ecology and Management,http://doi.org/10.1016/j.foreco.2021.119458,2021,No,,,,,,,,,,Ana
132,Koschke L.; Fürst C.; Lorenz M.; Witt A.; Frank S.; Makeschin F.,The integration of crop rotation and tillage practices in the assessment of ecosystem services provision at the regional scale,Ecological Indicators,http://doi.org/10.1016/j.ecolind.2013.03.008,2013,Yes,Yes,Europe,No,,,,,,plants ,Ana
133,Kotwal P.C.; Omprakash M.D.; Gairola S.; Dugaya D.,Ecological indicators: Imperative to sustainable forest management,Ecological Indicators,http://doi.org/10.1016/j.ecolind.2007.01.004,2008,Yes,No,,,,,,,,,Ana
135,La Valle P.; Nicoletti L.; Finoia M.G.; Ardizzone G.D.,Donax trunculus (Bivalvia: Donacidae) as a potential biological indicator of grain-size variations in beach sediment,Ecological Indicators,http://doi.org/10.1016/j.ecolind.2011.03.005,2011,No,,,,,,,,,,Ana
136,Laroche V.; Pellerin S.; Brouillet L.,White Fringed Orchid as indicator of Sphagnum bog integrity,Ecological Indicators,http://doi.org/10.1016/j.ecolind.2011.08.014,2012,Yes,Yes,North America,No,,,,,,orchids as indicator species,Ana
137,Lawrence J.M.; Samways M.J.,"Litter breakdown by the Seychelles giant millipede and the conservation of soil processes on Cousine Island, Seychelles",Biological Conservation,http://doi.org/10.1016/S0006-3207(02)00355-5,2003,No,,,,,,,,,,Ana
139,Leaver J.; Cherry M.I.,"Informal forest product harvesting in the Eastern Cape, South Africa: A recent assessment",Biological Conservation,http://doi.org/10.1016/j.biocon.2019.108394,2020,No,,,,,,,,,,Ana
141,LePage P.; Banner A.,Long-term recovery of forest structure and composition after harvesting in the coastal temperate rainforests of northern British Columbia,Forest Ecology and Management,http://doi.org/10.1016/j.foreco.2014.01.031,2014,Yes,Yes,North America,No,,,,,,,Jamie
142,Lewin W.-C.; Freyhof J.; Huckstorf V.; Mehner T.; Wolter C.,When no catches matter: Coping with zeros in environmental assessments,Ecological Indicators,http://doi.org/10.1016/j.ecolind.2009.09.006,2010,No - see notes,,,,,,,,,this is more of a methods paper using for fish assemblages,Jamie
143,Lilles E.; Dhar A.; Coates K.D.; Haeussler S.,Retention level affects dynamics of understory plant community recovery in northern temperate hemlock-cedar forests,Forest Ecology and Management,http://doi.org/10.1016/j.foreco.2017.12.033,2018,Yes,Yes,North America,No,,,,,,,Jamie
144,Lindenmayer D.B.; Franklin J.F.; Fischer J.,General management principles and a checklist of strategies to guide forest biodiversity conservation,Biological Conservation,http://doi.org/10.1016/j.biocon.2006.02.019,2006,Yes,No,,,,,,,,"see section on 'problems with short cut methods, relevant to our paper and indicator species, integrity of aquatic species mentioned in this review paper",Jamie
145,Liquete C.; Cid N.; Lanzanova D.; Grizzetti B.; Reynaud A.,Perspectives on the link between ecosystem services and biodiversity: The assessment of the nursery function,Ecological Indicators,http://doi.org/10.1016/j.ecolind.2015.11.058,2016,No,,,,,,,,,,Jamie
146,Listopad C.M.C.S.; Masters R.E.; Drake J.; Weishampel J.; Branquinho C.,Structural diversity indices based on airborne LiDAR as ecological indicators for managing highly dynamic landscapes,Ecological Indicators,http://doi.org/10.1016/j.ecolind.2015.04.017,2015,Yes,Yes,North America,No,,,,,,,Jamie
147,Liu X.; Wei M.; Li Z.; Zeng J.,"Multi-scenario simulation of urban growth boundaries with an ESP-FLUS model: A case study of the Min Delta region, China",Ecological Indicators,http://doi.org/10.1016/j.ecolind.2022.108538,2022,No,,,,,,,,,,Jamie
148,Liu Y.; Yang C.; Tan S.; Zhou H.; Zeng W.,"An approach to assess spatio-temporal heterogeneity of rural ecosystem health: A case study in Chongqing mountainous area, China",Ecological Indicators,http://doi.org/10.1016/j.ecolind.2022.108644,2022,Yes,Yes,Asia,No,,,,,,ecosystem health,Jamie
151,López D.R.; Brizuela M.A.; Willems P.; Aguiar M.R.; Siffredi G.; Bran D.,"Linking ecosystem resistance, resilience, and stability in steppes of North Patagonia",Ecological Indicators,http://doi.org/10.1016/j.ecolind.2012.05.014,2013,Yes,Yes,South America,No,,,,,,,Jamie
152,Lopez R.D.; Fennessy M.S.,Testing the floristic quality assessment index as an indicator of wetland condition,Ecological Applications,http://doi.org/10.1890/1051-0761(2002)012[0487:TTFQAI]2.0.CO;2,2002,Yes,Yes,North America,No,,,,,,,Jamie
155,Lucas C.M.; Sheikh P.; Gagnon P.R.; McGrath D.G.,How livestock and flooding mediate the ecological integrity of working forests in Amazon River floodplains,Ecological Applications,http://doi.org/10.1890/14-2182,2016,Yes,Yes,South America,No- see notes,,,,,,"the metric does not include animals, but they were looking at livestock effects on ecological integrity",Jamie
156,Lueders M.B.; McManamay R.A.,Species depletion profiles as an alternative to streamflow alteration thresholds in a hydroecological risk assessment,Ecological Indicators,http://doi.org/10.1016/j.ecolind.2023.109989,2023,Maybe,,,,,,,,,using a metric to relate to relate to species' range to indicate ecoystem health,Jamie
157,Lv X.; Xiao W.; Zhao Y.; Zhang W.; Li S.; Sun H.,"Drivers of spatio-temporal ecological vulnerability in an arid, coal mining region in Western China",Ecological Indicators,http://doi.org/10.1016/j.ecolind.2019.105475,2019,Yes,Yes,Asia,No,,,,,,,Jamie
159,Mack J.J.,Developing a wetland IBI with statewide application after multiple testing iterations,Ecological Indicators,http://doi.org/10.1016/j.ecolind.2006.11.002,2007,Yes,Yes,North America,No,,,,,,,Jamie
160,Mackey B.; Cadman S.; Rogers N.; Hugh S.,"Assessing the risk to the conservation status of temperate rainforest from exposure to mining, commercial logging, and climate change: A Tasmanian case study",Biological Conservation,http://doi.org/10.1016/j.biocon.2017.08.032,2017,No,,,,,,,,,,Jamie
162,Mairota P.; Cafarelli B.; Boccaccio L.; Leronni V.; Labadessa R.; Kosmidou V.; Nagendra H.,Using landscape structure to develop quantitative baselines for protected area monitoring,Ecological Indicators,http://doi.org/10.1016/j.ecolind.2012.08.017,2013,No,,,,,,,,,,Jamie
163,Manning D.W.P.; Rosemond A.D.; Benstead J.P.; Bumpers P.M.; Kominoski J.S.,Transport of N and P in U.S. streams and rivers differs with land use and between dissolved and particulate forms,Ecological Applications,http://doi.org/10.1002/eap.2130,2020,No,,,,,,,,,,Jamie
164,Maracahipes-Santos L.; Silvério D.V.; Macedo M.N.; Maracahipes L.; Jankowski K.J.; Paolucci L.N.; Neill C.; Brando P.M.,Agricultural land-use change alters the structure and diversity of Amazon riparian forests,Biological Conservation,http://doi.org/10.1016/j.biocon.2020.108862,2020,Yes,Yes,South America,No,,,,,,,Jamie
165,Marcot B.G.,Biodiversity and the lexicon zoo,Forest Ecology and Management,http://doi.org/10.1016/j.foreco.2007.03.046,2007,Yes,No,,,,,,,,interesting review paper,Jamie
166,Martínez Pastur G.J.; Rosas Y.M.; Chaves J.; Cellini J.M.; Barrera M.D.; Favoretti S.; Lencinas M.V.; Peri P.L.,Changes in forest structure values along the natural cycle and different management strategies in Nothofagus antarctica forests,Forest Ecology and Management,http://doi.org/10.1016/j.foreco.2021.118973,2021,Yes,Yes,South America,No,,,,,,,Jamie
169,Matthews J.W.; Spyreas G.; Endress A.G.,Trajectories of vegetation-based indicators used to assess wetland restoration progress,Ecological Applications,http://doi.org/10.1890/08-1371.1,2009,Yes,Yes,North America,No,,,,,,,Jamie
170,Mavah G.A.; Funk S.M.; Child B.; Swisher M.E.; Nasi R.; Fa J.E.,Food and livelihoods in park-adjacent communities: The case of the Odzala Kokoua National Park,Biological Conservation,http://doi.org/10.1016/j.biocon.2018.03.036,2018,No,,,,,,,,,,Jamie
172,McFarlane B.L.; Stumpf-Allen R.C.G.; Watson D.O.,Public perceptions of natural disturbance in Canada's national parks: The case of the mountain pine beetle (Dendroctonus ponderosae Hopkins),Biological Conservation,http://doi.org/10.1016/j.biocon.2005.12.029,2006,No,,,,,,,,,,Jamie
177,Meretsky V.J.; Fischman R.L.,Learning from conservation planning for the U.S. National Wildlife Refuges,Conservation Biology,http://doi.org/10.1111/cobi.12292,2014,No,,,,,,,,,,Jamie
180,Miller K.M.; McGill B.J.; Mitchell B.R.; Comiskey J.; Dieffenbach F.W.; Matthews E.R.; Perles S.J.; Paul Schmit J.; Weed A.S.,Eastern national parks protect greater tree species diversity than unprotected matrix forests,Forest Ecology and Management,http://doi.org/10.1016/j.foreco.2018.02.018,2018,Yes,Yes,North America,No,,,,,,tree species diversity,Jamie
181,Miller K.M.; Mitchell B.R.; McGill B.J.,Constructing multimetric indices and testing ability of landscape metrics to assess condition of freshwater wetlands in the Northeastern US,Ecological Indicators,http://doi.org/10.1016/j.ecolind.2016.01.017,2016,Yes,Yes,North America,No,,,,,,"wetland soil, water, and algae",Jamie
183,Minteer B.A.; Collins J.P.,Move it or lose it? the ecological ethics of relocating species under climate change,Ecological Applications,http://doi.org/10.1890/10-0318.1,2010,No,,,,,,,,,,Jamie
184,Mondal P.; Southworth J.,Protection vs. commercial management: Spatial and temporal analysis of land cover changes in the tropical forests of Central India,Forest Ecology and Management,http://doi.org/10.1016/j.foreco.2009.12.007,2010,No,,,,,,,,,,Jamie
188,Müller F.; Bicking S.; Ahrendt K.; Kinh Bac D.; Blindow I.; Fürst C.; Haase P.; Kruse M.; Kruse T.; Ma L.; Perennes M.; Ruljevic I.; Schernewski G.; Schimming C.-G.; Schneiders A.; Schubert H.; Schumacher J.; Tappeiner U.; Wangai P.; Windhorst W.; Zeleny J.,"Assessing ecosystem service potentials to evaluate terrestrial, coastal and marine ecosystem types in Northern Germany – An expert-based matrix approach",Ecological Indicators,http://doi.org/10.1016/j.ecolind.2020.106116,2020,Yes,Maybe,Europe,,,,,,,used expert opinion to classify into ecological integrity categories,Jamie
189,Naiman R.J.; Magnuson J.J.; Firth P.L.,"Integrating cultural, economic, and environmental requirements for fresh water",Ecological Applications,http://doi.org/10.1890/1051-0761(1998)008[0569:ICEAER]2.0.CO;2,1998,No,,,,,,,,,,Jamie
192,Nunneri C.; Windhorst W.; Kerry Turner R.; Lenhart H.,Nutrient emission reduction scenarios in the North Sea: An abatement cost and ecosystem integrity analysis,Ecological Indicators,http://doi.org/10.1016/j.ecolind.2006.09.002,2007,Yes,Yes,Europe,No,,,,,,,Jamie
195,Oyonarte C.; Aranda V.; Durante P.,Soil surface properties in Mediterranean mountain ecosystems: Effects of environmental factors and implications of management,Forest Ecology and Management,http://doi.org/10.1016/j.foreco.2007.07.034,2008,Yes,Yes,Europe,No,,,,,,soil and plants,Jamie
199,Pearman P.B.; Penskar M.R.; Schools E.H.; Enander H.D.,Identifying potential indicators of conservation value using natural heritage occurrence data,Ecological Applications,http://doi.org/10.1890/04-1938,2006,Yes,No,,,,,,,,"interesting read about rare species as indicators using ecological integrity measures that have been already calculated. plants, insects and birds used",Jamie
200,Pedersen N.K.; Schmidt I.K.; Kepfer-Rojas S.,"Drivers of tree colonization, species richness, and structural variation during the initial three decades of natural forest colonization in abandoned agricultural soils",Forest Ecology and Management,http://doi.org/10.1016/j.foreco.2023.121138,2023,Yes,Yes,Europe,No,,,,,,,Jamie
202,Perkins D.B.; Haws N.W.; Jawitz J.W.; Das B.S.; Rao P.S.C.,Soil hydraulic properties as ecological indicators in forested watersheds impacted by mechanized military training,Ecological Indicators,http://doi.org/10.1016/j.ecolind.2006.07.003,2007,No,,,,,,,,,,Jamie
203,Pichegru L.; Ryan P.G.; van Eeden R.; Reid T.; Grémillet D.; Wanless R.,"Industrial fishing, no-take zones and endangered penguins",Biological Conservation,http://doi.org/10.1016/j.biocon.2011.12.013,2012,No,,,,,,,,,,Jamie
204,Pinard M.A.; Putz F.E.; Rumíz D.; Guzmán R.; Jardim A.,"Ecological characterization of tree species for guiding forest management decisions in seasonally dry forests in Lomerio, Bolivia",Forest Ecology and Management,http://doi.org/10.1016/S0378-1127(98)00426-5,1999,No,,,,,,,,,,Jamie
205,Pintó J.; Garcia-Lozano C.; Varga D.,Using dune-restricted species to assess the degree of natural diversity of dune systems on Mediterranean tourist coasts,Ecological Indicators,http://doi.org/10.1016/j.ecolind.2023.110004,2023,Yes,Yes,Europe,No,,,,,,plant species,Jamie
206,Poikane S.; Portielje R.; Denys L.; Elferts D.; Kelly M.; Kolada A.; Mäemets H.; Phillips G.; Søndergaard M.; Willby N.; van den Berg M.S.,Macrophyte assessment in European lakes: Diverse approaches but convergent views of ‘good’ ecological status,Ecological Indicators,http://doi.org/10.1016/j.ecolind.2018.06.056,2018,Yes,Yes,Europe,No,,,,,,macrophytes,Jamie
207,Price K.; Roburn A.; MacKinnon A.,Ecosystem-based management in the Great Bear Rainforest,Forest Ecology and Management,http://doi.org/10.1016/j.foreco.2008.10.010,2009,Yes,No,,,,,,,,,Jamie
210,Pusceddu A.; Fraschetti S.; Mirto S.; Holmer M.; Danovaro R.,Effects of intensive mariculture on sediment biochemistry,Ecological Applications,http://doi.org/10.1890/06-2028.1,2007,No,,,,,,,,,,Jamie
213,Quiros T.E.A.L.; Croll D.; Tershy B.; Fortes M.D.; Raimondi P.,Land use is a better predictor of tropical seagrass condition than marine protection,Biological Conservation,http://doi.org/10.1016/j.biocon.2017.03.011,2017,Yes,No,,,,,,,,,Helen
214,Radachowsky J.; Ramos V.H.; McNab R.; Baur E.H.; Kazakov N.,"Forest concessions in the Maya Biosphere Reserve, Guatemala: A decade later",Forest Ecology and Management,http://doi.org/10.1016/j.foreco.2011.08.043,2012,Yes,Yes,S. America- forested,No,,,,,,,Helen
216,Raumann C.G.; Cablk M.E.,"Change in the forested and developed landscape of the Lake Tahoe basin, California and Nevada, USA, 1940-2002",Forest Ecology and Management,http://doi.org/10.1016/j.foreco.2008.02.028,2008,Yes- but indirectly,No,,,,,,,,,Helen
218,Renó V.; Novo E.,Forest depletion gradient along the Amazon floodplain,Ecological Indicators,http://doi.org/10.1016/j.ecolind.2018.11.019,2019,Yes,Yes,S. America- forested,No,,,,,,,Helen
219,Richter B.D.,Un metro para evaluar alteraciones hidrologicas dentro de ecosistemas; [A method for assessing hydrologic alteration within ecosystems],Conservation Biology,http://doi.org/10.1046/j.1523-1739.1996.10041163.x,1996,Yes,Yes,N. America- riparian,No,,,,,,,Helen
220,Richter B.D.; Mathews R.; Harrison D.L.; Wigington R.,Ecologically sustainable water management: Managing river flows for ecological integrity,Ecological Applications,http://doi.org/10.1890/1051-0761(2003)013[0206:ESWMMR]2.0.CO;2,2003,Yes,No- concept paper with examples?,,,,,,,,,Helen
221,Richter B.D.; Richter H.E.,Prescribing flood regimes to sustain riparian ecosystems along meandering rivers,Conservation Biology,http://doi.org/10.1046/j.1523-1739.2000.98488.x,2000,Yes,Yes,N. America- riparian,No,,,,,,forest mosaic as proxy for integrity,Helen
223,Roces-Díaz J.V.; Díaz-Varela E.R.; Álvarez-Álvarez P.,Analysis of spatial scales for ecosystem services: Application of the lacunarity concept at landscape level in Galicia (NW Spain),Ecological Indicators,http://doi.org/10.1016/j.ecolind.2013.09.010,2014,No,,,,,,,,,,Helen
226,Rollins M.G.; Keane R.E.; Parsons R.A.,"Mapping fuels and fire regimes using remote sensing, ecosystem simulation, and gradient modeling",Ecological Applications,http://doi.org/10.1890/02-5145,2004,No,,,,,,,,,,Helen
227,Root H.T.; Miller J.E.D.; Rosentreter R.,Grazing disturbance promotes exotic annual grasses by degrading soil biocrust communities,Ecological Applications,http://doi.org/10.1002/eap.2016,2020,No,,,,,,,,,,Helen
229,Ryan C.; Case B.S.; Bishop C.D.; Buckley H.L.,"Ecosystem integrity of active sand dunes: A case study to implement and test the SEEA-EA global standard, from Aotearoa New Zealand",Ecological Indicators,http://doi.org/10.1016/j.ecolind.2023.110172,2023,Yes,Yes,Oceana- coastal,No,,,,,,,Helen
230,Sande S.O.; Crewe R.M.; Raina S.K.; Nicolson S.W.; Gordon I.,Proximity to a forest leads to higher honey yield: Another reason to conserve,Biological Conservation,http://doi.org/10.1016/j.biocon.2009.06.023,2009,No,,,,,,,,,,Helen
231,Santiago J.; Molinero J.; Pozo J.,Impact of timber harvesting on litterfall inputs and benthic coarse particulate organic matter (CPOM) storage in a small stream draining a eucalyptus plantation,Forest Ecology and Management,http://doi.org/10.1016/j.foreco.2011.06.018,2011,No,,,,,,,,,,Helen
234,Sarmento W.M.; Berger J.,Human visitation limits the utility of protected areas as ecological baselines,Biological Conservation,http://doi.org/10.1016/j.biocon.2017.06.032,2017,No- but see notes,,,,,,,,,"paper focuses on mountain goats response to humans- ecological integrity is implied but didn't seem to be addressed directly enough to be included.,",Helen
236,Shaker R.R.,A mega-index for the Americas and its underlying sustainable development correlations,Ecological Indicators,http://doi.org/10.1016/j.ecolind.2018.01.050,2018,Yes- but see notes,Yes,The Americas,No,,,,,,ecological integrity as a concept is embedded as one component of a larger index for sustainability.  Authors derive this from 31 different global indices for sustainability- it's impossible to really know what into those indicators based on a quick skim of the paper but I don't think animals were obviously a part of it.,Helen
237,Shaker R.R.; Mackay B.R.,Hidden patterns of sustainable development in Asia with underlying global change correlations,Ecological Indicators,http://doi.org/10.1016/j.ecolind.2021.108227,2021,Yes- but see notes,Yes,Asia,No,,,,,,ecological integrity as a concept is embedded as one component of a larger index for sustainability.  Authors derive this from 31 different global indices for sustainability- it's impossible to really know what into those indicators based on a quick skim of the paper but I don't think animals were obviously a part of it.,Helen
238,Shardlow T.F.; Hyatt K.D.,"Quantifying associations of large vertebrates with salmon in riparian areas of British Columbia streams by means of camera-traps, bait stations, and hair samples",Ecological Indicators,http://doi.org/10.1016/j.ecolind.2012.11.011,2013,Yes,"No-  ""validation"" paper",,,,,,,,"paper focused on identifying terrestrial wildlife that could be used in combination with salmon for indices of riparian ecological integrity.  This paper isn't calculating integrity perse, but it is doing some of the background validation you'd want to have to know whether something was useful for an integrity measure.",Helen
239,Sharma T.; Kurz W.A.; Stinson G.; Pellatt M.G.; Li Q.,A 100-year conservation experiment: Impacts on forest carbon stocks and fluxes,Forest Ecology and Management,http://doi.org/10.1016/j.foreco.2013.06.048,2013,No,,,,,,,,,,Helen
240,Sharp R.L.; Larson L.R.; Green G.T.,Factors influencing public preferences for invasive alien species management,Biological Conservation,http://doi.org/10.1016/j.biocon.2011.04.032,2011,No,,,,,,,,,,Helen
242,Sillanpää M.; Vantellingen J.; Friess D.A.,"Vegetation regeneration in a sustainably harvested mangrove forest in West Papua, Indonesia",Forest Ecology and Management,http://doi.org/10.1016/j.foreco.2017.01.022,2017,Yes,No,,,,,,,,,Helen
244,Silva-Junior E.F.; Moulton T.P.; Boëchat I.G.; Gücker B.,Leaf decomposition and ecosystem metabolism as functional indicators of land use impacts on tropical streams,Ecological Indicators,http://doi.org/10.1016/j.ecolind.2013.07.027,2014,Yes,"No- ""validation"" paper",,No,,,,,,,Helen
245,Silva-Santos P.; Pardal M.A.; Lopes R.J.; Múrias T.; Cabral J.A.,"A Stochastic Dynamic Methodology (SDM) to the modelling of trophic interactions, with a focus on estuarine eutrophication scenarios",Ecological Indicators,http://doi.org/10.1016/j.ecolind.2005.05.001,2006,Yes,"No- ""validation"" paper",,,,,,,,"includes macroinvertebrates and birds in ""stochastic dynamic methodology""",Helen
249,Smart R.; Whiting M.J.; Twine W.,Lizards and landscapes: Integrating field surveys and interviews to assess the impact of human disturbance on lizard assemblages and selected reptiles in a savanna in South Africa,Biological Conservation,http://doi.org/10.1016/j.biocon.2004.06.016,2005,No,,,,,,,,,"paper really about the relationship between disturbance and lizards.  Integrity gestured to as broader implication for work, but wasn't really looking at lizards as an indicator of integrity",Helen
250,Smith L.M.; Reschke E.M.; Bousquin J.J.; Cheskiewicz L.P.; Ilias N.; Kevin Summers J.; Harvey J.E.,Methods for a composite ecological suitability measure to inform cumulative restoration assessments in Gulf of Mexico estuaries,Ecological Indicators,http://doi.org/10.1016/j.ecolind.2023.110896,2023,No,,,,,,,,,,Helen
251,Smucker N.J.; Vis M.L.,Diatom biomonitoring of streams: Reliability of reference sites and the response of metrics to environmental variations across temporal scales,Ecological Indicators,http://doi.org/10.1016/j.ecolind.2011.04.011,2011,Yes,"No-""validation"" paper",,,,,,,,diatoms,Helen
254,Tálamo A.; Lopez de Casenave J.; Garibaldi L.A.; Núñez-Regueiro M.,Direct and indirect relationships between logging intensity and regeneration of two timber species in the Dry Chaco of Argentina,Forest Ecology and Management,http://doi.org/10.1016/j.foreco.2020.118343,2020,No,,,,,,,,,,Helen
255,Tang Q.; Wang J.; Jing Z.,Tempo-spatial changes of ecological vulnerability in resource-based urban based on genetic projection pursuit model,Ecological Indicators,http://doi.org/10.1016/j.ecolind.2020.107059,2021,No- but see notes,,,,,,,,,another metric- ecological vulnerability which seems to be the inverse of integrity.,Helen
256,Thomsen M.; Faber J.H.; Sorensen P.B.,Soil ecosystem health and services - Evaluation of ecological indicators susceptible to chemical stressors,Ecological Indicators,http://doi.org/10.1016/j.ecolind.2011.05.012,2012,Yes,"No- ""metric development""- see notes",,,,,,,,a number of animal metrics are included in a list that was evaluated for utility as an integrity metric,Helen
257,Thorn S.; Bässler C.; Bußler H.; Lindenmayer D.B.; Schmidt S.; Seibold S.; Wende B.; Müller J.,Bark-scratching of storm-felled trees preserves biodiversity at lower economic costs compared to debarking,Forest Ecology and Management,http://doi.org/10.1016/j.foreco.2015.12.044,2016,Yes,No,,,,,,,,a number of animal species (and animal sign) were used as an indicator of whether different forest management practices affected higher trophic levels and could therefore affect integrity.,Helen
258,Timko J.A.; Innes J.L.,Evaluating ecological integrity in national parks: Case studies from Canada and South Africa,Biological Conservation,http://doi.org/10.1016/j.biocon.2008.11.022,2009,Yes,,,,,,,,,,Helen
259,Törnblom J.; Degerman E.; Angelstam P.,Forest proportion as indicator of ecological integrity in streams using Plecoptera as a proxy,Ecological Indicators,http://doi.org/10.1016/j.ecolind.2011.02.011,2011,Yes,No- concept paper with examples- see notes,,,,,,,,"reviews efficacy of ecological integrity monitoring in multiple NP, indicators include some wildlife examples.",Helen
260,Truchy A.; Sponseller R.A.; Ecke F.; Angeler D.G.; Kahlert M.; Bundschuh M.; Johnson R.K.; McKie B.G.,Responses of multiple structural and functional indicators along three contrasting disturbance gradients,Ecological Indicators,http://doi.org/10.1016/j.ecolind.2021.108514,2022,Yes,"No- ""validation paper""- see notes",,,,,,,,tests responsiveness of many functional indicators (including animal functional and structural traits) to changes in the environment.  Seems really relevant even if integrity is not calculated per se,Helen
261,Vačkář D.; Ten Brink B.; Loh J.; Baillie J.E.M.; Reyers B.,Review of multispecies indices for monitoring human impacts on biodiversity,Ecological Indicators,http://doi.org/10.1016/j.ecolind.2011.04.024,2012,Yes,"No- ""review"" paper",,,,,,,,"includes a discussion of many multispecies biodiversity indices including ecological integrity. Evalutes ecological efficacy, utility in policy etc.  Seems interesting.",Helen
262,Van Den Brink F.W.B.; Van Der Velde G.; Wijnhoven S.,"Diversity, occurrence and feeding traits of caddisfly larvae as indicators for ecological integrity of river-floodplain habitats along a connectivity gradient",Ecological Indicators,http://doi.org/10.1016/j.ecolind.2012.09.010,2013,Yes,"No- ""validation paper""- see notes",,,,,,,,utility of caddis fly larvae species assembages for use as an indicator of integrity evaluated.,Helen
263,Vora R.S.,"Developing programs to monitor ecosystem health and effectiveness of management practices on Lakes States National Forests, USA",Biological Conservation,http://doi.org/10.1016/S0006-3207(96)00042-0,1997,Yes,No- concept paper with examples from a National Forest,,,,,,,,extensive discussion of historical basis of ecological integrity as a concept.  Discussion of how baseline monitoring datasets in a National Forest (which include animal datasets) are relevant to monitoring changes in forest condition longterm.,Helen
264,Vu Ho K.; Kröel-Dulay G.; Tölgyesi C.; Bátori Z.; Tanács E.; Kertész M.; Török P.; Erdős L.,Non-native tree plantations are weak substitutes for near-natural forests regarding plant diversity and ecological value,Forest Ecology and Management,http://doi.org/10.1016/j.foreco.2023.120789,2023,No,,,,,,,,,,Helen
265,Wan N.; Ji X.; Jiang J.; Qiao H.; Huang K.,A methodological approach to assess the combined reduction of chemical pesticides and chemical fertilizers for low-carbon agriculture,Ecological Indicators,http://doi.org/10.1016/j.ecolind.2012.07.006,2013,No,,,,,,,,,,Helen
266,Wang L.; Yang B.; Bai Y.; Lu X.; Corlett R.T.; Tan Y.; Chen X.-Y.; Zhu J.; Liu Y.; Quan R.-C.,"Conservation planning on China's borders with Myanmar, Laos, and Vietnam",Conservation Biology,http://doi.org/10.1111/cobi.13733,2021,No,,,,,,,,,,Helen
267,Winston M.R.; Angermeier P.L.,Assessing Conservation Value Using Centers of Population Density; [Evaluando el valor conservacional utilizando centros de densidad de poblacion],Conservation Biology,http://doi.org/10.1046/j.1523-1739.1995.09061518.x,1995,No,,,,,,,,,,Helen
268,Winter S.; Brambach F.,Determination of a common forest life cycle assessment method for biodiversity evaluation,Forest Ecology and Management,http://doi.org/10.1016/j.foreco.2011.07.036,2011,No,,,,,,,,,,Helen
269,Winter S.; Fischer H.S.; Fischer A.,Relative Quantitative Reference Approach for Naturalness Assessments of forests,Forest Ecology and Management,http://doi.org/10.1016/j.foreco.2010.01.040,2010,No- but see notes,,,,,,,,,"Paper focuses on RANA ""naturalness"" assessment, which seems related to but fairly distinct from ecological integrity",Helen
270,Wu C.-F.; Lai J.-H.; Chen S.-H.; Trac L.V.T.,Key factors promoting the niche establishment of black-winged kite Elanus caeruleus in farmland ecosystems,Ecological Indicators,http://doi.org/10.1016/j.ecolind.2023.110162,2023,No,,,,,,,,,,Helen
272,Xofis P.; Poirazidis K.,Combining different spatio-temporal resolution images to depict landscape dynamics and guide wildlife management,Biological Conservation,http://doi.org/10.1016/j.biocon.2017.12.003,2018,No,,,,,,,,,,Helen
273,Yang Y.,"Evolution of habitat quality and association with land-use changes in mountainous areas: A case study of the Taihang Mountains in Hebei Province, China",Ecological Indicators,http://doi.org/10.1016/j.ecolind.2021.107967,2021,No,,,,,,,,,,Helen
275,Youngblood A.; Max T.; Coe K.,Stand structure in eastside old-growth ponderosa pine forests of Oregon and northern California,Forest Ecology and Management,http://doi.org/10.1016/j.foreco.2004.05.056,2004,No,,,,,,,,,,Helen
276,Yu Q.; Rao X.; Chu C.; Liu S.; Lin Y.; Sun D.; Tan X.; Hanif A.; Shen W.,Species dominance rather than species asynchrony determines the temporal stability of productivity in four subtropical forests along 30 years of restoration,Forest Ecology and Management,http://doi.org/10.1016/j.foreco.2019.117687,2020,No- but see notes,,,,,,,,,"paper focused on ecosystem stability, and its implication for stability of production of wood resources. Loosely relevant",Helen
278,Zhang R.; Wu J.; Yang Y.; Peng X.; Li C.; Zhao Q.,A method to determine optimum ecological groundwater table depth in semi-arid areas,Ecological Indicators,http://doi.org/10.1016/j.ecolind.2022.108915,2022,No,,,,,,,,,,Helen